{
    "0": {
        "precision": 0.8287143996061679,
        "recall": 0.4292640302159263,
        "f1-score": 0.5599502479877224,
        "support": 115745.19098712446
    },
    "1": {
        "precision": 0.646766843892296,
        "recall": 0.9475315749736551,
        "f1-score": 0.7624669293934927,
        "support": 43920.77424892704
    },
    "2": {
        "precision": 0.9567820915679828,
        "recall": 0.9815120921863044,
        "f1-score": 0.9687722955913644,
        "support": 51050.92103004292
    },
    "3": {
        "precision": 0.0,
        "recall": 0.0,
        "f1-score": 0.0,
        "support": 26954.221030042918
    },
    "4": {
        "precision": 0.08581388613585932,
        "recall": 0.6313933258907793,
        "f1-score": 0.13818094822578084,
        "support": 9201.988412017168
    },
    "5": {
        "precision": 0.0,
        "recall": 0.0,
        "f1-score": 0.0,
        "support": 3126.9042918454934
    },
    "accuracy": 0.6060573236051494,
    "macro avg": {
        "precision": 0.42059039390782393,
        "recall": 0.4993381330161652,
        "f1-score": 0.4057216146803082,
        "support": 250000.0
    },
    "weighted avg": {
        "precision": 0.7102787460022548,
        "recall": 0.6060573236051494,
        "f1-score": 0.6166462855285325,
        "support": 250000.0
    }
}