{
    "0": {
        "precision": 0.9307368773013335,
        "recall": 0.4039946572936596,
        "f1-score": 0.5582660749620857,
        "support": 1846821.0239726028
    },
    "1": {
        "precision": 0.3472430178043469,
        "recall": 0.8926217934243361,
        "f1-score": 0.49117321784033613,
        "support": 718088.3253424658
    },
    "2": {
        "precision": 0.9603468510620613,
        "recall": 0.9613754631869721,
        "f1-score": 0.96062914638057,
        "support": 813594.7962328767
    },
    "3": {
        "precision": 0.8734125007200446,
        "recall": 0.7884192641157892,
        "f1-score": 0.8262917917563173,
        "support": 430426.2688356164
    },
    "4": {
        "precision": 0.5539771960632197,
        "recall": 0.6470259422809902,
        "f1-score": 0.5805190640173998,
        "support": 140915.97431506848
    },
    "5": {
        "precision": 0.8851853936557039,
        "recall": 0.8903242350486388,
        "f1-score": 0.8852965696029106,
        "support": 50153.61130136986
    },
    "accuracy": 0.6776655860445202,
    "macro avg": {
        "precision": 0.759162878294054,
        "recall": 0.7645759841169315,
        "f1-score": 0.7176194915908638,
        "support": 4000000.0
    },
    "weighted avg": {
        "precision": 0.8327664812727321,
        "recall": 0.6776655860445202,
        "f1-score": 0.6879155960990062,
        "support": 4000000.0
    }
}