{
    "0": {
        "precision": 0.9297963557001144,
        "recall": 0.41724606751494037,
        "f1-score": 0.570889935603129,
        "support": 1846821.0239726028
    },
    "1": {
        "precision": 0.3524995539708684,
        "recall": 0.8878141056957924,
        "f1-score": 0.49590159994515437,
        "support": 718088.3253424658
    },
    "2": {
        "precision": 0.9649428808739928,
        "recall": 0.9745172038339,
        "f1-score": 0.9692423134209378,
        "support": 813594.7962328767
    },
    "3": {
        "precision": 0.8730669773354137,
        "recall": 0.8195013475300422,
        "f1-score": 0.8435473954964755,
        "support": 430426.2688356164
    },
    "4": {
        "precision": 0.6601196386437158,
        "recall": 0.6624591255238743,
        "f1-score": 0.6469020241993544,
        "support": 140915.97431506848
    },
    "5": {
        "precision": 0.897756955499331,
        "recall": 0.8943040731372289,
        "f1-score": 0.8939813715353192,
        "support": 50153.61130136986
    },
    "accuracy": 0.6893200004280824,
    "macro avg": {
        "precision": 0.7801761767337718,
        "recall": 0.7764190963596214,
        "f1-score": 0.7371670496150707,
        "support": 4000000.0
    },
    "weighted avg": {
        "precision": 0.8363781967376518,
        "recall": 0.6893200004280824,
        "f1-score": 0.699457395589599,
        "support": 4000000.0
    }
}